<Backups xmlns="http://www.microsoft.com/GroupPolicy/GPOOperations/Manifest" xmlns:mfst="http://www.microsoft.com/GroupPolicy/GPOOperations/Manifest" mfst:version="1.0"><BackupInst><GPOGuid><![CDATA[{0B952A56-E426-4469-BD3C-59F444237365}]]></GPOGuid><GPODomain><![CDATA[tenaka.loc]]></GPODomain><GPODomainGuid><![CDATA[{a941af68-357c-4ece-ad44-168782b64612}]]></GPODomainGuid><GPODomainController><![CDATA[WIN-61E4UG3ITF3.tenaka.loc]]></GPODomainController><BackupTime><![CDATA[2024-04-17T06:20:55]]></BackupTime><ID><![CDATA[{7BFE8419-F466-4F22-93AE-F42D112F277C}]]></ID><Comment><![CDATA[]]></Comment><GPODisplayName><![CDATA[Ansible]]></GPODisplayName></BackupInst><BackupInst><GPOGuid><![CDATA[{0B952A56-E426-4469-BD3C-59F444237365}]]></GPOGuid><GPODomain><![CDATA[tenaka.loc]]></GPODomain><GPODomainGuid><![CDATA[{a941af68-357c-4ece-ad44-168782b64612}]]></GPODomainGuid><GPODomainController><![CDATA[WIN-61E4UG3ITF3.tenaka.loc]]></GPODomainController><BackupTime><![CDATA[2024-04-16T15:55:50]]></BackupTime><ID><![CDATA[{3146905A-510A-4591-931A-693E8BFB6B0A}]]></ID><Comment><![CDATA[]]></Comment><GPODisplayName><![CDATA[Ansible]]></GPODisplayName></BackupInst></Backups>