<BackupInst xmlns="http://www.microsoft.com/GroupPolicy/GPOOperations/Manifest"><GPOGuid><![CDATA[{0B952A56-E426-4469-BD3C-59F444237365}]]></GPOGuid><GPODomain><![CDATA[tenaka.loc]]></GPODomain><GPODomainGuid><![CDATA[{a941af68-357c-4ece-ad44-168782b64612}]]></GPODomainGuid><GPODomainController><![CDATA[WIN-61E4UG3ITF3.tenaka.loc]]></GPODomainController><BackupTime><![CDATA[2024-04-17T06:20:55]]></BackupTime><ID><![CDATA[{7BFE8419-F466-4F22-93AE-F42D112F277C}]]></ID><Comment><![CDATA[]]></Comment><GPODisplayName><![CDATA[Ansible]]></GPODisplayName></BackupInst>
