<BackupInst xmlns="http://www.microsoft.com/GroupPolicy/GPOOperations/Manifest"><GPOGuid><![CDATA[{0B952A56-E426-4469-BD3C-59F444237365}]]></GPOGuid><GPODomain><![CDATA[tenaka.loc]]></GPODomain><GPODomainGuid><![CDATA[{a941af68-357c-4ece-ad44-168782b64612}]]></GPODomainGuid><GPODomainController><![CDATA[WIN-61E4UG3ITF3.tenaka.loc]]></GPODomainController><BackupTime><![CDATA[2024-04-11T06:08:00]]></BackupTime><ID><![CDATA[{521A0E5A-3F2A-4E42-8DFF-9AE52D05BEDC}]]></ID><Comment><![CDATA[Required Ansible Settings]]></Comment><GPODisplayName><![CDATA[Ansible]]></GPODisplayName></BackupInst>
